,participant,Trial,max_pupil,Time,avg_preceding_pupil,avg_pupil,change_pupil
0,1,1,1013.29288203025,1.19,,863.6177292135635,
1,1,2,1033.80944786839,1.19,910.40061095746,831.7663224329764,-78.63428852448362
2,1,3,889.3313147106792,1.27,872.0692608768062,775.2959685556517,-96.77329232115449
3,1,4,921.330860091685,1.39,808.3761101827935,816.1007200911888,7.724609908395337
4,1,5,939.9283174081688,0.95,779.8728168495319,747.7356575839391,-32.1371592655928
5,1,6,1005.18079952795,1.18,794.0422852326683,822.9400580049735,28.89777277230519
6,1,7,839.2576094973558,0.97,819.9459292030876,738.6320748912985,-81.3138543117891
7,1,8,851.204776536046,1.1,801.7018152575337,783.2376403898779,-18.464174867655743
8,1,9,856.6945136897099,0.91,755.8322789428921,746.6399823590973,-9.192296583794814
9,1,10,846.938101246221,0.99,777.322132269003,750.2632655844072,-27.058866684595728
10,1,11,943.3255881605741,1.19,784.7317187838707,789.6960025168464,4.964283732975673
11,1,12,903.720165883596,1.11,784.804754072426,803.3380584910864,18.53330441866035
12,1,13,908.548517656792,1.01,782.9974778256079,788.0688767771035,5.071398951495553
13,1,14,830.168204824326,1.42,801.307609434093,794.0231889808992,-7.284420453193775
14,1,15,873.78748564011,1.07,803.8333051007685,792.2615681922806,-11.571736908487878
15,1,16,920.323739136111,0.96,795.0917275899254,777.3240591920908,-17.767668397834655
16,1,17,860.9233436734538,1.04,808.9946627178862,757.3999149637822,-51.59474775410399
17,1,18,875.965289672072,1.05,788.5382582590289,777.0010233067813,-11.537234952247559
18,1,19,909.4268167806032,1.29,773.6417153761221,836.27087507582,62.62915969969788
19,1,20,861.438571968664,0.9,811.6015869944355,757.5285179519483,-54.07306904248719
20,1,21,894.721149532274,1.37,816.7639279359657,798.988507426286,-17.775420509679748
21,1,22,859.328292395052,1.01,793.1543443695548,735.4316150906392,-57.72272927891561
22,1,23,941.567258938338,1.26,780.5382664831342,836.9126645277616,56.37439804462747
23,1,24,952.972850260589,1.26,778.0563324214064,853.526513286651,75.47018086524463
24,1,25,838.3334369351089,1.12,828.087187099314,784.1002153478033,-43.98697175151062
25,1,26,873.594382485089,1.04,821.3307911418584,779.9760616894326,-41.35472945242577
26,1,27,852.239921214991,0.89,787.3313025099484,700.3649781690011,-86.96632434094727
27,1,28,936.6118902795461,1.33,767.4278273180089,850.0177836210976,82.58995630308868
28,1,29,801.626748680367,0.5,778.5636666301823,733.6554968417067,-44.90816978847556
29,1,30,914.271195995575,1.07,799.8690799248143,852.5930934930142,52.724013568199894
30,1,31,825.680775567969,0.83,798.1997861760341,769.7515898463338,-28.448196329700295
31,1,32,881.7010185109268,1.04,818.6094421991305,823.0723468989785,4.462904699847968
32,1,33,859.775411972854,0.93,799.8792513745717,739.6079924160829,-60.27125895848883
33,1,34,855.561086447528,0.99,797.6403184683968,791.4653749079519,-6.1749435604449445
34,1,35,918.600352079867,1.07,773.7750710735512,790.2995892614701,16.524518187918943
35,1,36,894.0986043129152,0.81,800.3629887338616,781.7825147144953,-18.580474019366306
36,1,37,908.5516857766941,1.09,822.0567989097821,834.6176605303987,12.560861620616606
37,1,38,833.710507842862,1.2,808.883002510984,780.7487509764395,-28.134251534544546
38,1,39,879.6739878777071,0.85,803.4768961843669,776.991650784643,-26.485245399723908
39,1,40,911.63292668018,1.26,804.4625166694397,830.7211589489798,26.25864227954014
40,1,41,891.926985318761,1.08,798.8013306026056,846.5003649369124,47.699034334306816
41,1,42,964.376375902688,0.77,814.6761700232378,745.3389005950577,-69.3372694281801
42,1,43,892.956153320953,1.04,841.2475998377244,826.7647008903764,-14.482898947347962
43,1,44,854.073374452947,1.39,824.8719586004851,798.9971245666541,-25.874834033831007
44,1,45,791.8379487179491,0.5,807.1876320940488,755.7086426960875,-51.4789893979613
45,1,46,956.585505039184,1.26,788.7490308426462,890.9638269559872,102.21479611334098
46,1,47,914.8159896423241,0.95,811.6302824208102,870.8257791517848,59.19549673097458
47,1,48,943.894291921345,1.04,866.6232163745829,866.031389648619,-0.5918267259638696
48,1,49,904.849050854703,1.13,881.4838627754132,796.8111747074527,-84.67268806796051
49,1,50,954.5935153939861,1.34,872.109166380648,816.5128845870296,-55.59628179361846
50,1,51,847.654225518736,1.11,823.770939058241,761.9637996391043,-61.80713941913666
51,1,52,920.3833586934752,1.28,783.0159839488189,856.9368129377198,73.9208289889009
52,1,53,968.052215726975,0.99,803.6645384482207,844.8352316026281,41.170693154407445
53,1,54,907.983160868161,0.99,855.7905394633854,759.331285168475,-96.45925429491035
54,1,55,875.777992618807,1.29,841.4226259281236,785.4712277384613,-55.951398189662314
55,1,56,864.827137666599,1.22,799.7818313453885,754.3408645038533,-45.440966841535214
56,1,57,866.128411384425,1.25,773.3314181972486,786.5620069640178,13.230588766769188
57,1,58,855.9418561210001,1.13,745.4905298485547,764.2617735623886,18.771243713833883
58,1,59,871.5699254345178,1.34,769.1242406295786,811.3135405319583,42.18929990237973
59,1,60,937.938787999871,1.29,782.1685128293224,848.7140847020572,66.54557187273485
60,1,61,801.3680595819452,1.85,813.6394572794493,750.100608669218,-63.5388486102313
61,1,62,897.635718909831,1.09,811.6138555605772,846.8477337222613,35.23387816168406
62,1,63,891.833279850967,1.31,792.4274058773246,794.010532100167,1.5831262228423384
63,1,64,917.608041336178,1.37,807.8305689826002,818.0827960334758,10.252227050875604
64,1,65,825.170975977796,0.97,796.7918393331134,731.7540477292372,-65.03779160387626
65,1,66,970.23413030554,1.32,788.5307446454381,852.5505472771242,64.01980263168616
66,1,67,911.8676306127521,1.31,807.4305216696242,790.2659121481054,-17.164609521518855
67,1,68,906.453338495042,1.25,809.8737340760324,827.7626636307679,17.888929554735455
68,1,69,898.720587258689,0.9,791.0185147307558,724.8339683967274,-66.18454633402837
69,1,70,845.7732298801968,1.5,806.458592256159,785.4405563023804,-21.01803595377862
70,1,71,803.3050825491008,1.05,779.8778875733293,699.8806474089051,-79.99724016442417
71,1,72,779.8943865733362,1.84,764.7878522840183,720.7704323992627,-44.017419884755554
72,1,73,866.536233119997,1.3,711.7541214750029,799.9688079887562,88.21468651375335
73,1,74,886.8099478164861,0.95,735.4243563880988,817.6051234307987,82.18076704269993
74,1,75,786.042883356393,1.98,801.5104712821616,755.5325369324112,-45.9779343497504
75,1,76,805.102781229593,0.52,790.0371382407459,701.5282915224639,-88.50884671828203
76,1,77,762.5905332997279,1.09,754.8377824716356,662.6686344599401,-92.16914801169548
77,1,78,881.712173619613,1.31,735.3031428265343,755.0017470079897,19.69860418145538
78,1,79,915.407085832129,1.16,714.3704512635758,791.1769961762178,76.80654491264204
79,1,80,870.062963821913,1.04,745.5687589733568,851.7174789499968,106.14871997664
80,1,81,958.532306414245,1.2,797.667541752031,885.1595188119808,87.49197705994982
81,1,82,947.692469944561,1.01,858.1443636259454,747.2311920063637,-110.9131716195817
82,1,83,860.533354971297,1.0,868.794237567698,819.1162592818414,-49.677978285856625
83,1,84,856.2148860685651,0.96,810.635138540027,729.6521956750114,-80.98294286501562
84,1,85,954.638496586033,1.11,778.0051824378166,768.3491256573544,-9.656056780462222
85,1,86,879.3980659094542,1.32,777.7471827954982,811.2772093737294,33.53002657823117
86,1,87,836.620809720847,1.12,794.9384915901053,766.9930075526546,-27.945484037450683
87,1,88,871.338965412603,1.31,785.4892628752519,807.1357145456677,21.646451670415786
88,1,89,790.710106671992,1.5,793.8281938922584,750.888813507273,-42.939380384985384
89,1,90,819.718360539566,0.89,780.2089246982943,603.3876625978243,-176.82126210047
90,1,91,780.7395359263188,1.11,700.6594936406458,695.0987262016322,-5.560767439013603
91,1,92,871.590000949592,0.95,687.6969380570889,729.7293031903325,42.032365133243616
92,1,93,878.4241852152901,1.37,743.9097942910154,832.6864613754938,88.77666708447839
93,1,94,882.215402538204,0.77,783.9157532908803,756.820714157377,-27.095039133503292
94,1,95,905.5653501669792,1.98,811.6252166501912,806.4896599050142,-5.135556745177041
95,1,96,906.6883950964921,0.5,783.6615685027614,807.1907446194458,23.529176116684425
96,1,97,826.58094103771,0.93,809.7784499169476,688.9735286377693,-120.8049212791783
97,1,98,905.5276814563632,1.08,798.5629665546298,795.2184498911487,-3.3445166634811585
98,1,99,871.894338382133,0.89,777.2996345051231,665.1976317883863,-112.10200271673682
99,1,100,897.3127758677168,1.0,785.2853844585637,779.0976517295314,-6.187732729032291
100,1,101,719.82,2.0,758.3739309898073,695.1080935818499,-63.265837407957406
101,1,102,774.250685197301,1.02,738.0045722114453,667.7875990615073,-70.21697314993798
102,1,103,853.8676999581488,0.96,690.1070604234619,709.8811505020677,19.77409007860581
103,1,104,770.3067719301781,1.38,734.1316023386051,643.7082833723501,-90.42331896625501
104,1,105,695.509244346668,2.0,686.552323567185,623.5183290839241,-63.033994483260926
105,1,106,691.36855029585,0.66,594.0369911598445,598.9013339235513,4.864342763706759
106,1,107,713.6496536843903,1.78,614.5657594929136,604.9806280958583,-9.585131397055306
107,1,108,826.0692507865691,1.36,599.9200256495449,755.0259792912321,155.10595364168728
108,1,109,738.1628046276579,0.76,654.7821620458433,614.6198719391426,-40.16229010670065
109,1,110,890.087621461788,1.49,713.1839364936783,810.938250871125,97.75431437744669
110,1,111,867.10933519285,0.96,707.5902398896967,783.0016265632936,75.4113866735969
111,1,112,822.840832815186,0.94,781.6423034872059,687.3276253379096,-94.31467814929636
112,1,113,572.7820882608339,1.31,778.714677880042,479.12267059843765,-299.59200728160437
113,1,114,656.970704030854,1.11,617.6694965600836,536.5272095719918,-81.14228698809188
114,1,115,829.091902897397,1.87,486.7795999334565,636.4598228012803,149.68022286782383
115,1,116,802.6416359916251,1.59,550.6313930128504,736.1089383690883,185.4775453562379
116,1,117,676.228449333625,1.07,671.8011641941638,634.8367707529712,-36.964393441192556
117,1,118,719.762140601273,1.81,688.9822404950925,636.0455687164738,-52.93667177861869
118,1,119,771.420014794897,1.09,621.635297245781,718.8638470855502,97.22854983976924
119,1,120,836.365846830879,0.99,661.829685575667,652.1805062753434,-9.649179300323567
120,1,121,828.8695261222321,1.11,713.9546322432602,709.9983640370659,-3.956268206194295
121,1,122,761.735591522177,1.74,731.4293298145423,670.1692004969852,-61.260129317557016
122,1,123,728.7292944216949,0.9,677.168090639828,602.5628065540617,-74.60528408576636
123,1,124,708.220462663445,0.61,609.471178890093,464.9151663752796,-144.5560125148134
124,1,125,745.510851339462,1.89,581.7279639604151,578.9070279424333,-2.8209360179818077
125,1,126,727.4242661553868,0.5,529.7481823380255,549.9306835680368,20.182501230011326
126,1,127,630.598191377248,0.92,570.4316384824265,528.7574798315824,-41.674158650844106
127,1,128,700.598512287935,1.39,577.6413516004409,606.2173430458972,28.57599144545634
128,1,129,619.176014727762,1.38,539.059649333963,536.7917834386499,-2.2678658953130935
129,1,130,630.574616551885,1.34,572.8090228649577,583.3963929668192,10.587370101861552
130,1,131,656.729062056524,0.59,542.2286211930822,547.3167455477259,5.088124354643696
131,1,132,603.946981316637,1.05,561.0810321190046,552.6222928930176,-8.45873922598696
132,1,133,806.3614034208549,1.9,551.3783060732286,620.9118557604771,69.53354968724852
133,1,134,801.9297320632201,1.04,510.76680145003485,611.2511401670756,100.48433871704077
134,1,135,656.0180831826401,0.5,619.2029827184747,528.0895306281232,-91.11345209035153
135,1,136,627.370595928752,1.8,642.0282218416933,557.1692209400568,-84.85900090163648
136,1,137,692.651696633128,1.15,535.9963305009234,611.1652972393453,75.16896673842189
137,1,138,762.557796004523,1.33,525.0778209982335,634.0509007759473,108.97307977771379
138,1,139,731.723962151186,1.98,596.4212189938563,636.5950835203497,40.17386452649339
139,1,140,775.3078351470799,1.85,595.5622955132811,590.9162907066337,-4.646004806647397
140,1,141,791.3704859107719,0.89,563.4295614282192,666.4812249222973,103.05166349407807
141,1,142,754.4563668119562,2.0,630.8607373812679,601.5574178517888,-29.30331952947904
142,1,143,767.285629124836,0.51,640.2688531924134,629.1503782630747,-11.118474929338731
143,1,144,909.6422563055803,1.27,630.7735824429345,757.2391993346847,126.46561689175019
144,1,145,692.23251372311,1.83,723.4957010967652,634.9977668044263,-88.49793429233887
145,1,146,797.68950906306,1.01,683.1563289663537,591.5208178047758,-91.63551116157794
146,1,147,690.4480146244508,0.88,617.0624813411506,587.2721483043147,-29.790333036835932
147,1,148,692.876784571692,1.36,596.3156904847821,589.4335563511877,-6.882134133594377
148,1,149,723.138660477154,2.0,583.4149229775708,639.6065709661925,56.19164798862175
149,1,150,826.3813271849409,0.89,604.2318784180665,653.6292671752954,49.397388757228896
150,1,151,807.341523975381,1.28,656.1785297556829,702.8297961589868,46.65126640330391
151,1,152,813.082804580888,1.34,697.6149033287493,672.7432056838727,-24.871697644876576
152,1,153,702.744560670762,1.63,655.89924742316,644.963030603522,-10.936216819637934
153,1,154,764.438356164384,2.0,603.8952320025596,694.4584463525023,90.56321434994265
154,1,155,851.821609618609,1.04,623.2317726349113,661.7109803276259,38.47920769271457
155,1,156,732.7876494005969,1.43,714.8937777357353,616.9580288829524,-97.93574885278292
156,1,157,816.471448751066,0.83,681.1251964993425,591.3375752608032,-89.78762123853926
157,1,158,803.87839790722,0.82,613.5019414139342,756.4155861181056,142.91364470417136
158,1,159,695.797274070715,1.47,660.8971512888216,593.425562223586,-67.47158906523566
159,1,160,745.526500704991,1.36,702.661730167653,643.9933149366711,-58.66841523098185
160,1,161,836.684772088954,0.95,617.0665208116766,667.2632374523661,50.19671664068949
161,1,162,1031.1646065577804,1.05,595.509607215924,723.7617104739908,128.25210325806677
162,1,163,734.16164083513,1.81,736.3069705993775,691.3679057712781,-44.93906482809939
163,1,164,857.4171496707539,0.97,731.4094673260512,681.724642387866,-49.684824938185216
164,1,165,769.385119344227,0.54,687.1112355014981,643.1666908893376,-43.944544612160485
165,1,166,796.584198021163,1.49,703.5660146517117,721.3571794898776,17.791164838165855
166,1,167,801.491576507717,1.84,666.1914547383251,688.906574424082,22.715119685756918
167,1,168,831.9336767302609,0.96,660.9568706402661,712.6216941143226,51.66482347405656
168,1,169,711.8005402158791,1.31,704.9851096628128,651.0872563046652,-53.897853358147586
169,1,170,844.263676526832,1.03,688.4677223400265,707.0982815885242,18.63055924849766
170,1,171,820.874619465547,0.68,663.8268333829435,643.0001957100131,-20.82663767293036
171,1,172,875.3384802946741,1.1,717.0154205710886,766.8070118773677,49.79159130627909
172,1,173,787.4322875847,0.67,741.0080791168242,572.1041179733271,-168.9039611434971
173,1,174,839.9361193104289,0.89,697.5054674996053,733.5095860358713,36.00411853626599
174,1,175,893.0638887616251,1.06,673.8825019096871,707.7982593076109,33.91575739792381
175,1,176,812.696441990526,1.24,775.3234581481547,643.3706658250926,-131.9527923230621
176,1,177,744.243833612608,1.81,698.8056107356897,640.4399132628253,-58.36569747286444
177,1,178,725.2191962847742,0.89,586.4000725678129,580.3599986689703,-6.040073898842593
178,1,179,679.570922356328,1.83,612.617711489039,637.2867051617625,24.668993672723445
179,1,180,845.408030733338,1.08,613.3778682074263,694.357893730393,80.98002552296668
180,1,181,816.3435645694209,0.91,650.8115070163955,682.5964082492628,31.784901232867355
181,1,182,675.4568493704589,1.04,724.5222365371528,592.657111549835,-131.8651249873178
182,1,183,627.745620534085,1.57,653.5104028370853,589.5188272925988,-63.99157554448652
183,1,184,675.875210790193,1.97,555.5440545306096,523.6984979479603,-31.84555658264935
184,1,185,667.9253893334591,0.5,543.9198550366136,546.8373285495111,2.917473512897459
185,1,186,625.461802813193,0.98,544.3145861455853,540.9939269538927,-3.3206591916925845
186,1,187,715.9650085834669,1.11,560.0007853478542,614.2100987193544,54.20931337150023
187,1,188,741.4465431397839,1.06,594.4437242684999,614.7083922597608,20.26466799126092
188,1,189,616.287685399279,0.8,629.1854941276637,490.5821810241274,-138.60331310353627
189,1,190,648.242836158248,1.05,580.5703013902419,517.2094547641767,-63.360846626065154
190,1,191,593.195443293582,0.68,546.1356305660481,531.2301034289044,-14.905527137143736
191,1,192,723.4952554102168,1.32,538.7725702243998,616.5086963415616,77.7361261171618
192,1,193,672.322276424283,1.44,574.2504785760393,628.8941212421207,54.643642666081405
193,1,194,729.7906131966362,0.99,604.1510222480479,644.2229848722459,40.07196262419802
194,1,195,696.205804897814,1.43,621.393895267744,634.3612919989206,12.967396731176564
195,1,196,771.5560853746408,1.06,648.3312734045172,703.0674497972267,54.73617639270947
196,1,197,685.2024747044239,1.31,665.3922858335693,602.6562101857307,-62.73607564783856
197,1,198,668.972211469166,0.85,651.0644752704492,587.4241100563007,-63.64036521414846
198,1,199,732.679048296775,1.82,581.0579257965502,635.7842142628058,54.726288466255596
199,1,200,834.493492412913,1.93,579.0878113385644,706.5813056599371,127.49349432137274
200,1,201,818.79502026438,0.51,629.0003224966622,642.5899072807175,13.589584784055319
201,1,202,707.76560356459,0.89,670.3826132960522,539.1185844076374,-131.26402888841483
202,1,203,648.989059354953,1.44,653.3154799978628,557.7454989684676,-95.5699810293952
203,1,204,753.305205909082,1.46,577.7030601735747,638.949741065871,61.24668089229624
204,1,205,747.384998836981,0.91,548.8499307853683,575.8130216421272,26.963090856758868
205,1,206,645.0452297465989,1.26,559.9984834012365,551.3895644784648,-8.60891892277175
206,1,207,665.683980822276,0.7,584.76090807274,627.7923009255418,43.03139285280179
207,1,208,715.773177285633,0.72,605.6953268943163,508.61305051147383,-97.08227638284245
208,1,209,701.534990276841,1.98,600.6322782277432,636.8395726520567,36.207294424313545
209,1,210,741.582176609831,0.64,582.1085537429312,573.0543158217192,-9.054237921212007
210,1,211,707.281169661867,2.0,620.6541705220825,630.3613290987453,9.707158576662778
211,1,212,785.043919208607,1.09,612.8887925847565,611.377754921259,-1.5110376634975182
212,1,213,820.8633185920248,1.16,618.0246770674959,729.2282857176118,111.20360865011594
213,1,214,613.507363337687,1.0,666.1720212927154,555.048500440277,-111.12352085243833
214,1,215,596.084882016789,0.59,633.7647830423898,509.82482931434674,-123.93995372804306
215,1,216,690.0750186279802,2.0,537.3324510733478,559.3875158974422,22.055064824094416
216,1,217,714.4504770512469,1.11,532.4588664344601,653.4903223603998,121.03145592593967
217,1,218,686.707547662584,1.87,584.8548244087738,569.3548587387068,-15.499965670067013
218,1,219,787.170727715156,0.97,599.4791266546822,641.5456388138838,42.06651215920158
219,1,220,708.2796053383389,0.87,620.8019021974536,635.3775857302433,14.57568353278964
220,1,221,770.631942109939,1.91,647.5234189138141,596.4314984985473,-51.09192041526683
221,1,222,723.33009225681,0.5,586.8869998241073,621.6563081504368,34.76930832632945
222,1,223,607.4661894005931,1.3,615.8848843615563,581.4999946242082,-34.38488973734809
223,1,224,662.29551654899,0.87,625.6528805110573,597.7416077364118,-27.911272774645568
224,1,225,777.6703584727188,1.21,593.5300517572456,654.8563824404059,61.326330683160336
225,1,226,785.925189334233,1.19,648.8883608718762,633.9225186143398,-14.965842257536451
226,1,227,659.7873462679901,0.96,673.8646273920302,613.845725786583,-60.01890160544724
227,1,228,608.095582628711,0.53,621.3961323014987,605.0,-16.39613230149871
